order_id,customer_id,product_id,order_date,quantity,price,region,payment_method
O10000,CUST036,PROD006,2024-06-17,8,465.2,South,Bank Transfer
O10001,CUST011,PROD006,2024-09-05,7,113.87,South,PayPal
O10002,CUST042,PROD008,2024-12-04,8,388.01,North,PayPal
O10003,CUST013,PROD007,2024-04-03,5,401.15,North,Cash
O10004,CUST013,PROD004,2024-12-12,2,472.66,East,Credit Card
O10005,CUST039,PROD015,2025-08-21,10,492.23,East,PayPal
O10006,CUST022,PROD019,2025-03-31,1,232.85,South,Credit Card
O10007,CUST006,PROD020,2025-06-27,3,384.9,East,Cash
O10008,CUST043,PROD018,2024-03-29,2,479.06,North,Cash
O10009,CUST045,PROD018,2024-02-19,7,281.8,North,Cash
O10010,CUST020,PROD001,2024-01-29,7,170.1,West,Bank Transfer
O10011,CUST039,PROD016,2024-12-05,5,84.32,North,Cash
O10012,CUST022,PROD020,2025-08-14,5,298.34,West,Bank Transfer
O10013,CUST008,PROD003,2024-04-20,4,309.66,East,PayPal
O10014,CUST041,PROD002,2025-04-08,7,267.51,South,Cash
O10015,CUST043,PROD011,2024-09-21,2,130.63,North,PayPal
O10016,CUST044,PROD014,2025-06-19,4,367.47,East,PayPal
O10017,CUST018,PROD013,2024-08-13,2,329.9,South,Cash
O10018,CUST008,PROD006,2025-01-10,4,241.67,West,Credit Card
O10019,CUST012,PROD018,2025-07-31,2,415.09,South,Credit Card
O10020,CUST016,PROD009,2024-03-29,9,389.64,North,PayPal
O10021,CUST016,PROD020,2024-10-22,7,494.43,South,Credit Card
O10022,CUST046,PROD020,2024-07-05,2,352.54,West,Credit Card
O10023,CUST018,PROD005,2024-12-07,8,59.34,South,PayPal
O10024,CUST023,PROD007,2025-08-10,10,245.71,East,Cash
O10025,CUST040,PROD013,2024-11-24,3,207.21,West,PayPal
O10026,CUST031,PROD020,2025-06-29,3,101.65,North,Cash
O10027,CUST040,PROD015,2025-08-01,7,198.0,East,Cash
O10028,CUST050,PROD001,2025-01-22,7,153.87,North,Credit Card
O10029,CUST015,PROD004,2024-03-08,1,413.06,South,PayPal
O10030,CUST021,PROD018,2025-04-27,3,490.74,West,Credit Card
O10031,CUST024,PROD019,2025-08-25,5,129.24,South,Credit Card
O10032,CUST015,PROD017,2024-01-29,5,415.39,North,PayPal
O10033,CUST016,PROD002,2024-01-09,1,492.32,North,Cash
O10034,CUST042,PROD014,2025-04-29,6,272.97,West,PayPal
O10035,CUST002,PROD007,2024-02-20,9,437.76,South,Cash
O10036,CUST047,PROD004,2025-03-12,5,78.7,East,Bank Transfer
O10037,CUST040,PROD009,2025-04-02,5,162.08,South,Bank Transfer
O10038,CUST033,PROD008,2025-04-28,5,454.51,East,Bank Transfer
O10039,CUST047,PROD017,2025-03-08,7,466.45,South,Bank Transfer
O10040,CUST009,PROD004,2025-02-28,6,181.59,North,PayPal
O10041,CUST002,PROD017,2025-01-23,7,358.92,South,PayPal
O10042,CUST017,PROD009,2024-08-16,10,189.36,North,PayPal
O10043,CUST020,PROD014,2024-11-02,6,411.09,East,Bank Transfer
O10044,CUST048,PROD019,2024-01-06,10,259.66,North,Credit Card
O10045,CUST018,PROD006,2024-09-21,1,372.39,North,Cash
O10046,CUST007,PROD002,2025-02-16,1,485.17,North,Bank Transfer
O10047,CUST034,PROD014,2025-07-21,9,319.94,South,PayPal
O10048,CUST027,PROD005,2024-03-30,2,275.6,North,Bank Transfer
O10049,CUST033,PROD009,2024-02-10,10,240.16,East,Cash
O10050,CUST002,PROD004,2024-12-17,5,302.53,South,Bank Transfer
O10051,CUST003,PROD012,2025-03-15,2,120.26,North,Credit Card
O10052,CUST042,PROD010,2025-06-28,10,352.83,North,Bank Transfer
O10053,CUST041,PROD009,2024-11-14,8,354.69,West,Cash
O10054,CUST019,PROD017,2024-12-15,10,428.87,West,Credit Card
O10055,CUST029,PROD007,2024-05-29,10,204.32,North,Credit Card
O10056,CUST035,PROD016,2025-04-05,9,414.96,East,Cash
O10057,CUST020,PROD017,2024-04-24,7,247.79,East,PayPal
O10058,CUST029,PROD009,2024-10-17,5,412.77,South,Credit Card
O10059,CUST044,PROD019,2025-05-01,8,145.0,North,Cash
O10060,CUST037,PROD007,2024-11-28,6,158.2,West,Bank Transfer
O10061,CUST040,PROD008,2025-08-31,10,279.64,East,PayPal
O10062,CUST030,PROD020,2024-12-13,10,469.48,South,Credit Card
O10063,CUST024,PROD002,2025-04-01,5,476.29,West,PayPal
O10064,CUST043,PROD006,2024-01-05,3,232.68,North,Bank Transfer
O10065,CUST018,PROD020,2025-04-17,7,296.12,West,Bank Transfer
O10066,CUST049,PROD012,2024-03-03,6,178.48,East,Bank Transfer
O10067,CUST010,PROD016,2024-09-23,2,454.17,East,Bank Transfer
O10068,CUST020,PROD011,2024-12-20,8,237.85,South,Cash
O10069,CUST031,PROD003,2024-05-02,2,386.1,North,PayPal
O10070,CUST036,PROD011,2024-08-25,10,302.49,East,PayPal
O10071,CUST036,PROD017,2025-06-06,6,474.4,East,Credit Card
O10072,CUST037,PROD007,2024-05-18,3,319.43,North,PayPal
O10073,CUST016,PROD003,2024-04-16,10,327.26,North,Credit Card
O10074,CUST039,PROD008,2024-12-14,9,255.09,East,Credit Card
O10075,CUST012,PROD019,2025-04-30,5,421.19,East,PayPal
O10076,CUST003,PROD020,2024-07-31,6,346.8,South,Bank Transfer
O10077,CUST009,PROD004,2024-03-04,1,175.72,South,Credit Card
O10078,CUST012,PROD011,2025-08-10,8,358.73,West,PayPal
O10079,CUST027,PROD017,2024-02-26,9,226.94,South,Credit Card
O10080,CUST022,PROD007,2024-11-01,6,146.88,North,PayPal
O10081,CUST006,PROD006,2024-08-01,5,487.81,West,PayPal
O10082,CUST024,PROD020,2024-09-01,4,130.53,South,Credit Card
O10083,CUST021,PROD007,2024-12-29,6,361.62,East,PayPal
O10084,CUST042,PROD008,2024-05-25,9,84.88,West,Bank Transfer
O10085,CUST039,PROD011,2024-06-21,7,168.07,West,Credit Card
O10086,CUST029,PROD018,2024-12-02,10,476.73,South,PayPal
O10087,CUST012,PROD004,2024-06-22,3,146.88,South,Cash
O10088,CUST040,PROD009,2025-01-10,5,495.22,North,PayPal
O10089,CUST016,PROD002,2025-06-24,10,114.04,South,Credit Card
O10090,CUST004,PROD009,2024-05-29,7,174.99,West,PayPal
O10091,CUST049,PROD004,2025-01-16,5,364.32,East,Cash
O10092,CUST042,PROD019,2024-01-15,4,214.52,South,Cash
O10093,CUST025,PROD002,2024-11-03,6,364.57,North,Credit Card
O10094,CUST043,PROD007,2024-07-16,5,202.09,North,Credit Card
O10095,CUST046,PROD013,2024-12-06,6,335.33,West,Bank Transfer
O10096,CUST002,PROD019,2024-12-06,1,280.57,North,Bank Transfer
O10097,CUST011,PROD005,2024-01-25,6,470.83,South,Cash
O10098,CUST001,PROD009,2025-01-26,1,211.17,North,Bank Transfer
O10099,CUST023,PROD006,2025-06-09,2,230.65,South,Credit Card
O10100,CUST038,PROD015,2024-08-09,1,61.28,South,Bank Transfer
O10101,CUST001,PROD001,2025-03-06,5,237.14,East,Credit Card
O10102,CUST015,PROD020,2025-05-21,8,468.74,North,Bank Transfer
O10103,CUST041,PROD017,2024-06-24,3,217.97,East,PayPal
O10104,CUST042,PROD001,2025-06-07,5,169.23,South,Bank Transfer
O10105,CUST013,PROD012,2024-10-23,3,377.65,East,Bank Transfer
O10106,CUST034,PROD011,2024-11-02,4,481.75,North,Cash
O10107,CUST020,PROD002,2024-01-01,9,382.23,East,Credit Card
O10108,CUST008,PROD005,2024-07-31,2,198.27,North,Bank Transfer
O10109,CUST038,PROD012,2024-09-29,6,456.13,West,Credit Card
O10110,CUST032,PROD001,2024-09-20,2,483.63,North,Bank Transfer
O10111,CUST040,PROD010,2025-05-22,9,410.55,West,Bank Transfer
O10112,CUST040,PROD001,2024-11-03,8,492.45,West,Credit Card
O10113,CUST030,PROD001,2024-05-19,1,441.21,North,Cash
O10114,CUST029,PROD004,2025-02-24,3,108.92,East,PayPal
O10115,CUST034,PROD018,2025-08-25,10,310.19,South,Cash
O10116,CUST047,PROD002,2024-11-16,6,326.32,South,PayPal
O10117,CUST023,PROD006,2024-06-24,8,229.9,North,Credit Card
O10118,CUST006,PROD014,2024-10-30,8,131.85,West,Credit Card
O10119,CUST009,PROD016,2025-03-23,2,147.23,North,Cash
O10120,CUST045,PROD011,2024-11-06,10,274.29,West,PayPal
O10121,CUST037,PROD017,2024-05-24,4,451.91,East,Bank Transfer
O10122,CUST046,PROD001,2025-02-24,7,73.99,West,PayPal
O10123,CUST045,PROD018,2024-04-17,2,71.15,East,Credit Card
O10124,CUST045,PROD014,2024-06-14,9,78.35,South,Cash
O10125,CUST034,PROD017,2024-07-01,6,448.13,West,Cash
O10126,CUST025,PROD013,2024-12-30,3,301.15,South,Credit Card
O10127,CUST046,PROD001,2025-07-30,10,200.48,North,Cash
O10128,CUST021,PROD011,2024-05-26,8,398.01,North,Bank Transfer
O10129,CUST009,PROD008,2024-03-02,8,256.5,West,Bank Transfer
O10130,CUST024,PROD009,2025-06-12,10,200.7,South,Bank Transfer
O10131,CUST032,PROD005,2024-11-02,9,256.11,East,Bank Transfer
O10132,CUST029,PROD006,2024-04-06,2,290.75,North,Cash
O10133,CUST020,PROD020,2024-06-23,6,302.49,West,Credit Card
O10134,CUST029,PROD005,2024-05-13,6,230.97,East,PayPal
O10135,CUST001,PROD004,2024-04-02,5,217.35,East,Credit Card
O10136,CUST028,PROD003,2024-02-24,3,202.37,South,Bank Transfer
O10137,CUST030,PROD009,2024-10-30,2,484.46,West,Cash
O10138,CUST050,PROD017,2025-01-05,4,348.63,South,PayPal
O10139,CUST045,PROD020,2024-04-13,5,410.35,South,Bank Transfer
O10140,CUST050,PROD008,2025-03-12,7,455.77,North,PayPal
O10141,CUST043,PROD013,2024-03-18,3,63.99,South,Bank Transfer
O10142,CUST008,PROD016,2025-05-12,7,279.78,South,Credit Card
O10143,CUST039,PROD020,2025-05-29,9,349.08,North,Bank Transfer
O10144,CUST046,PROD012,2024-01-22,10,365.96,North,Cash
O10145,CUST033,PROD008,2024-04-17,8,173.43,South,Credit Card
O10146,CUST002,PROD011,2024-09-15,4,430.03,North,Credit Card
O10147,CUST019,PROD017,2024-09-10,8,148.45,North,Credit Card
O10148,CUST014,PROD006,2024-02-14,7,65.02,East,PayPal
O10149,CUST047,PROD001,2024-04-21,8,305.27,North,Cash
O10150,CUST004,PROD011,2025-07-18,6,493.33,North,Cash
O10151,CUST026,PROD016,2024-04-04,5,344.73,South,Bank Transfer
O10152,CUST002,PROD011,2025-04-25,5,480.2,East,Bank Transfer
O10153,CUST004,PROD008,2024-10-07,10,140.43,East,Credit Card
O10154,CUST033,PROD006,2025-05-07,3,263.9,West,PayPal
O10155,CUST012,PROD007,2025-06-29,2,305.95,South,PayPal
O10156,CUST010,PROD016,2024-02-27,1,233.39,West,PayPal
O10157,CUST007,PROD003,2024-07-27,7,499.54,East,Credit Card
O10158,CUST034,PROD007,2024-10-11,4,465.51,South,Cash
O10159,CUST035,PROD005,2024-04-05,9,494.81,North,Credit Card
O10160,CUST009,PROD008,2025-01-11,9,141.66,South,Cash
O10161,CUST017,PROD005,2025-07-20,5,195.94,North,Bank Transfer
O10162,CUST043,PROD017,2024-03-25,1,157.96,South,Cash
O10163,CUST007,PROD015,2025-08-09,6,473.79,North,PayPal
O10164,CUST030,PROD006,2025-03-16,10,411.15,East,Bank Transfer
O10165,CUST006,PROD018,2024-08-04,8,201.48,West,Bank Transfer
O10166,CUST026,PROD008,2025-07-14,8,344.77,West,Credit Card
O10167,CUST012,PROD007,2025-08-18,1,380.09,West,Bank Transfer
O10168,CUST037,PROD008,2024-02-27,2,439.68,South,Bank Transfer
O10169,CUST025,PROD009,2024-03-29,7,50.26,East,Credit Card
O10170,CUST006,PROD008,2025-07-13,2,248.32,East,Credit Card
O10171,CUST018,PROD017,2025-02-05,6,199.93,South,Bank Transfer
O10172,CUST029,PROD007,2024-03-27,2,149.04,North,PayPal
O10173,CUST002,PROD016,2024-09-28,2,232.24,North,Credit Card
O10174,CUST004,PROD010,2025-07-14,8,278.48,South,Cash
O10175,CUST002,PROD016,2024-10-11,6,229.06,North,PayPal
O10176,CUST048,PROD005,2025-02-28,10,141.47,West,Bank Transfer
O10177,CUST016,PROD016,2024-02-12,10,430.88,East,PayPal
O10178,CUST018,PROD010,2025-05-23,2,428.64,East,PayPal
O10179,CUST018,PROD002,2025-05-26,8,179.48,North,Credit Card
O10180,CUST036,PROD001,2024-02-14,3,111.48,North,PayPal
O10181,CUST040,PROD008,2024-01-14,5,361.36,East,Cash
O10182,CUST002,PROD017,2024-02-13,1,292.78,East,Cash
O10183,CUST003,PROD019,2025-04-09,3,446.13,West,Bank Transfer
O10184,CUST018,PROD013,2025-04-23,4,253.17,North,PayPal
O10185,CUST024,PROD002,2025-01-16,10,97.24,North,Credit Card
O10186,CUST017,PROD010,2024-03-16,8,434.42,West,Credit Card
O10187,CUST029,PROD017,2024-02-03,4,348.18,North,Credit Card
O10188,CUST025,PROD011,2024-11-08,2,479.22,South,PayPal
O10189,CUST040,PROD007,2024-01-10,8,273.49,West,PayPal
O10190,CUST001,PROD007,2024-10-27,2,134.05,West,PayPal
O10191,CUST049,PROD018,2025-07-12,7,282.42,West,Bank Transfer
O10192,CUST049,PROD007,2024-03-28,3,375.62,North,Cash
O10193,CUST007,PROD019,2024-04-26,3,129.94,North,Cash
O10194,CUST032,PROD006,2025-02-24,9,295.77,West,Credit Card
O10195,CUST033,PROD004,2024-12-08,4,486.41,North,Bank Transfer
O10196,CUST046,PROD006,2024-06-02,10,76.42,North,Cash
O10197,CUST029,PROD006,2024-11-10,6,336.59,West,PayPal
O10198,CUST047,PROD007,2024-04-15,1,100.01,West,Credit Card
O10199,CUST026,PROD003,2025-02-25,8,227.82,East,Cash
O10200,CUST040,PROD016,2024-03-27,10,216.18,West,Credit Card
O10201,CUST013,PROD007,2024-08-19,3,430.67,South,PayPal
O10202,CUST009,PROD007,2024-01-04,8,225.86,North,Cash
O10203,CUST009,PROD019,2024-11-07,1,349.79,East,Bank Transfer
O10204,CUST017,PROD013,2024-11-08,7,241.03,South,PayPal
O10205,CUST002,PROD003,2025-04-06,6,299.85,West,Bank Transfer
O10206,CUST019,PROD004,2025-03-04,3,214.83,East,Cash
O10207,CUST034,PROD001,2025-02-13,1,190.59,North,PayPal
O10208,CUST009,PROD015,2025-05-27,9,361.82,East,PayPal
O10209,CUST017,PROD016,2025-03-29,1,312.55,North,Credit Card
O10210,CUST034,PROD008,2025-01-29,9,140.83,West,Bank Transfer
O10211,CUST020,PROD007,2025-01-01,5,117.44,South,Cash
O10212,CUST019,PROD016,2024-01-14,5,256.98,East,PayPal
O10213,CUST003,PROD014,2024-11-21,3,331.15,East,Bank Transfer
O10214,CUST031,PROD014,2025-07-09,5,206.77,East,Credit Card
O10215,CUST039,PROD009,2025-06-03,2,367.03,North,Bank Transfer
O10216,CUST031,PROD017,2024-06-11,9,247.17,East,PayPal
O10217,CUST005,PROD001,2024-11-07,6,163.46,West,Cash
O10218,CUST013,PROD012,2025-07-13,9,104.32,East,Bank Transfer
O10219,CUST015,PROD015,2025-03-12,4,334.8,East,PayPal
O10220,CUST033,PROD007,2024-07-29,5,146.67,North,Cash
O10221,CUST049,PROD005,2024-12-01,7,256.8,North,Credit Card
O10222,CUST017,PROD013,2024-03-03,10,96.56,North,PayPal
O10223,CUST009,PROD003,2024-06-11,10,255.9,West,Bank Transfer
O10224,CUST036,PROD012,2024-01-01,7,63.11,East,Bank Transfer
O10225,CUST020,PROD019,2024-04-21,5,238.35,North,Credit Card
O10226,CUST025,PROD012,2024-12-09,7,419.13,West,Cash
O10227,CUST026,PROD018,2024-08-02,7,213.53,South,PayPal
O10228,CUST015,PROD005,2024-12-28,4,412.36,West,PayPal
O10229,CUST002,PROD012,2024-08-22,9,416.94,West,Bank Transfer
O10230,CUST022,PROD013,2025-08-04,6,435.02,North,Cash
O10231,CUST033,PROD013,2025-01-22,9,316.56,South,Credit Card
O10232,CUST005,PROD012,2025-03-19,4,414.72,North,PayPal
O10233,CUST041,PROD011,2024-01-16,7,83.36,North,PayPal
O10234,CUST049,PROD009,2024-04-23,3,98.52,South,Credit Card
O10235,CUST042,PROD007,2025-07-19,8,61.52,West,Bank Transfer
O10236,CUST039,PROD009,2025-03-01,2,413.24,North,Credit Card
O10237,CUST008,PROD018,2024-06-13,2,242.51,West,Credit Card
O10238,CUST001,PROD010,2024-07-09,7,51.47,South,Credit Card
O10239,CUST021,PROD010,2025-04-24,1,289.75,South,Cash
O10240,CUST042,PROD007,2024-04-30,7,217.59,North,Cash
O10241,CUST005,PROD015,2024-06-06,1,150.2,West,Bank Transfer
O10242,CUST031,PROD002,2025-01-22,5,213.38,West,Bank Transfer
O10243,CUST022,PROD014,2025-07-10,6,368.16,East,Bank Transfer
O10244,CUST050,PROD004,2025-01-27,2,470.48,East,PayPal
O10245,CUST044,PROD004,2024-07-07,9,402.21,North,PayPal
O10246,CUST023,PROD002,2024-01-15,4,151.32,West,Credit Card
O10247,CUST041,PROD002,2025-06-04,7,70.55,East,Bank Transfer
O10248,CUST048,PROD020,2025-08-24,9,102.13,South,Cash
O10249,CUST031,PROD009,2025-03-28,1,100.53,South,PayPal
O10250,CUST035,PROD004,2024-10-14,8,231.6,South,Cash
O10251,CUST038,PROD012,2024-04-24,6,405.26,East,Cash
O10252,CUST034,PROD007,2025-01-12,6,360.59,West,PayPal
O10253,CUST001,PROD015,2024-12-11,6,320.25,North,Cash
O10254,CUST031,PROD001,2025-08-29,4,224.42,East,PayPal
O10255,CUST036,PROD019,2024-11-29,6,309.9,North,Cash
O10256,CUST023,PROD013,2024-08-24,10,373.66,West,PayPal
O10257,CUST027,PROD007,2024-09-21,1,302.71,East,Cash
O10258,CUST029,PROD008,2025-07-09,1,364.79,West,PayPal
O10259,CUST033,PROD007,2024-05-06,3,205.04,West,Bank Transfer
O10260,CUST030,PROD010,2024-09-09,6,343.91,East,PayPal
O10261,CUST040,PROD017,2024-02-10,5,376.44,East,PayPal
O10262,CUST020,PROD007,2025-07-27,7,73.91,North,PayPal
O10263,CUST008,PROD012,2025-03-17,1,82.42,East,PayPal
O10264,CUST020,PROD001,2024-09-02,6,133.55,North,Bank Transfer
O10265,CUST046,PROD002,2025-07-15,8,178.98,North,Credit Card
O10266,CUST006,PROD014,2025-08-03,2,426.54,West,Cash
O10267,CUST020,PROD008,2024-09-19,5,407.11,East,Cash
O10268,CUST048,PROD008,2024-01-27,7,339.14,East,Cash
O10269,CUST010,PROD016,2024-05-24,10,62.36,South,PayPal
O10270,CUST008,PROD020,2024-06-28,3,246.38,West,Cash
O10271,CUST010,PROD008,2024-05-27,4,461.16,South,Bank Transfer
O10272,CUST036,PROD017,2024-06-30,2,136.47,South,Credit Card
O10273,CUST016,PROD009,2025-03-20,4,464.13,West,Cash
O10274,CUST002,PROD019,2024-06-04,8,357.18,North,Bank Transfer
O10275,CUST026,PROD002,2024-09-07,9,305.95,North,PayPal
O10276,CUST046,PROD007,2024-03-08,10,249.88,North,Bank Transfer
O10277,CUST020,PROD016,2025-08-09,7,385.2,West,Cash
O10278,CUST006,PROD007,2024-08-25,7,60.01,West,Credit Card
O10279,CUST049,PROD013,2024-05-26,5,477.59,East,Credit Card
O10280,CUST015,PROD019,2024-07-23,4,307.57,West,Cash
O10281,CUST046,PROD016,2025-04-24,3,103.26,East,Cash
O10282,CUST049,PROD020,2025-04-15,7,488.86,North,Cash
O10283,CUST043,PROD011,2025-02-05,1,124.41,West,Bank Transfer
O10284,CUST016,PROD002,2024-09-15,6,147.86,North,Bank Transfer
O10285,CUST035,PROD012,2024-12-01,2,426.51,South,Credit Card
O10286,CUST047,PROD016,2025-03-29,4,318.03,East,PayPal
O10287,CUST024,PROD009,2025-04-18,5,67.78,North,Bank Transfer
O10288,CUST008,PROD012,2024-05-28,10,92.44,West,Bank Transfer
O10289,CUST020,PROD016,2024-02-22,1,54.78,South,Credit Card
O10290,CUST027,PROD004,2024-06-29,5,215.02,West,Bank Transfer
O10291,CUST045,PROD020,2024-07-07,5,234.99,North,Bank Transfer
O10292,CUST017,PROD004,2025-07-04,9,71.8,South,PayPal
O10293,CUST031,PROD013,2025-06-03,1,233.8,North,Credit Card
O10294,CUST040,PROD008,2024-04-03,1,399.89,North,PayPal
O10295,CUST044,PROD003,2024-10-17,10,497.46,East,Credit Card
O10296,CUST036,PROD017,2024-01-31,9,151.61,West,Bank Transfer
O10297,CUST049,PROD003,2024-12-08,6,280.6,West,Credit Card
O10298,CUST015,PROD019,2025-03-12,1,116.36,North,Cash
O10299,CUST030,PROD010,2025-02-15,2,330.36,North,Bank Transfer
O10300,CUST026,PROD016,2024-07-17,9,465.35,South,PayPal
O10301,CUST036,PROD018,2025-02-13,3,447.34,South,Credit Card
O10302,CUST047,PROD008,2025-05-28,9,358.23,North,Credit Card
O10303,CUST018,PROD011,2024-02-11,3,171.39,South,PayPal
O10304,CUST047,PROD009,2025-05-30,3,77.14,West,PayPal
O10305,CUST027,PROD006,2024-05-03,2,446.35,South,Credit Card
O10306,CUST023,PROD014,2024-10-14,5,492.09,North,Cash
O10307,CUST016,PROD012,2024-03-12,10,197.61,South,Cash
O10308,CUST050,PROD013,2025-01-15,8,214.6,North,Credit Card
O10309,CUST040,PROD016,2024-08-08,10,113.09,East,Credit Card
O10310,CUST047,PROD009,2025-08-13,3,301.32,North,Credit Card
O10311,CUST034,PROD015,2024-02-04,10,440.99,South,Cash
O10312,CUST024,PROD020,2025-05-11,5,495.11,West,PayPal
O10313,CUST036,PROD014,2024-08-08,9,224.45,South,PayPal
O10314,CUST010,PROD002,2024-12-03,1,61.08,South,PayPal
O10315,CUST011,PROD003,2024-09-08,8,169.59,West,Credit Card
O10316,CUST037,PROD001,2024-10-25,8,187.32,East,PayPal
O10317,CUST040,PROD007,2025-03-31,4,409.11,East,Credit Card
O10318,CUST023,PROD002,2024-08-09,7,441.71,West,PayPal
O10319,CUST043,PROD010,2024-09-10,6,86.29,West,Cash
O10320,CUST023,PROD013,2025-03-21,7,463.56,North,Bank Transfer
O10321,CUST008,PROD003,2024-03-05,8,488.62,East,PayPal
O10322,CUST043,PROD010,2025-06-20,9,455.28,East,Credit Card
O10323,CUST001,PROD004,2024-07-02,2,229.68,South,Bank Transfer
O10324,CUST045,PROD019,2025-02-22,3,264.13,West,Bank Transfer
O10325,CUST032,PROD006,2025-08-21,4,373.72,East,PayPal
O10326,CUST011,PROD003,2025-01-12,6,407.49,North,Cash
O10327,CUST020,PROD019,2025-07-31,2,126.8,South,PayPal
O10328,CUST020,PROD020,2024-11-22,4,75.69,West,PayPal
O10329,CUST026,PROD001,2024-10-02,1,359.85,West,Bank Transfer
O10330,CUST036,PROD015,2024-04-19,8,141.6,South,PayPal
O10331,CUST028,PROD008,2025-03-07,8,488.0,North,PayPal
O10332,CUST042,PROD008,2025-03-27,5,387.88,West,Cash
O10333,CUST027,PROD020,2024-07-20,7,350.75,East,PayPal
O10334,CUST028,PROD002,2025-06-21,10,230.32,East,Bank Transfer
O10335,CUST035,PROD015,2024-09-30,7,141.13,West,PayPal
O10336,CUST011,PROD013,2024-01-04,4,463.47,South,Cash
O10337,CUST035,PROD016,2025-03-21,8,193.92,West,Bank Transfer
O10338,CUST003,PROD016,2025-04-21,5,276.35,North,PayPal
O10339,CUST037,PROD017,2024-07-04,4,466.54,East,PayPal
O10340,CUST036,PROD010,2024-12-15,9,118.72,West,Bank Transfer
O10341,CUST024,PROD016,2024-01-05,1,64.77,East,Credit Card
O10342,CUST035,PROD002,2024-06-07,7,472.28,East,Credit Card
O10343,CUST006,PROD017,2025-01-04,4,486.54,North,Bank Transfer
O10344,CUST024,PROD014,2024-03-01,2,151.23,West,PayPal
O10345,CUST050,PROD008,2025-06-16,4,490.15,South,PayPal
O10346,CUST044,PROD019,2024-11-15,6,491.02,South,PayPal
O10347,CUST009,PROD020,2025-07-18,7,228.72,East,Bank Transfer
O10348,CUST006,PROD013,2024-03-30,9,125.26,South,Bank Transfer
O10349,CUST020,PROD018,2025-07-07,6,338.57,South,PayPal
O10350,CUST010,PROD002,2024-07-08,6,453.12,North,Bank Transfer
O10351,CUST002,PROD012,2025-01-01,6,112.26,West,Cash
O10352,CUST010,PROD020,2024-04-01,10,237.44,West,Bank Transfer
O10353,CUST032,PROD017,2025-04-06,5,319.94,North,Cash
O10354,CUST045,PROD018,2024-03-09,4,57.35,East,Bank Transfer
O10355,CUST032,PROD007,2024-10-22,9,185.24,West,PayPal
O10356,CUST011,PROD017,2025-08-30,5,62.92,South,Credit Card
O10357,CUST019,PROD009,2025-01-05,1,416.97,North,PayPal
O10358,CUST049,PROD003,2025-04-14,6,355.16,West,Cash
O10359,CUST001,PROD019,2025-01-28,10,120.04,South,Credit Card
O10360,CUST008,PROD006,2025-01-01,7,308.07,West,Bank Transfer
O10361,CUST014,PROD007,2024-07-23,2,466.78,South,Credit Card
O10362,CUST019,PROD020,2024-05-29,9,458.63,South,Bank Transfer
O10363,CUST010,PROD020,2024-06-08,3,476.85,South,Cash
O10364,CUST043,PROD019,2025-01-03,7,361.91,East,Cash
O10365,CUST002,PROD014,2024-05-16,7,213.6,West,Cash
O10366,CUST018,PROD017,2024-05-29,3,471.01,West,PayPal
O10367,CUST038,PROD006,2024-02-22,3,215.92,East,Bank Transfer
O10368,CUST013,PROD008,2024-10-22,7,288.79,East,Credit Card
O10369,CUST035,PROD008,2024-07-07,2,455.5,South,Bank Transfer
O10370,CUST035,PROD011,2025-08-30,10,214.65,North,Bank Transfer
O10371,CUST007,PROD016,2025-06-10,7,275.11,North,Credit Card
O10372,CUST006,PROD009,2024-09-20,5,314.77,South,Credit Card
O10373,CUST022,PROD011,2025-07-01,6,76.31,East,Cash
O10374,CUST034,PROD011,2024-02-15,1,454.35,East,Cash
O10375,CUST036,PROD009,2024-03-19,8,263.94,West,Bank Transfer
O10376,CUST020,PROD007,2024-03-06,1,412.05,West,PayPal
O10377,CUST003,PROD003,2024-01-17,2,170.44,West,Credit Card
O10378,CUST024,PROD010,2024-11-12,9,355.43,West,Bank Transfer
O10379,CUST050,PROD013,2025-06-28,9,226.62,South,Bank Transfer
O10380,CUST038,PROD006,2024-02-27,2,72.16,East,Cash
O10381,CUST050,PROD018,2024-12-12,6,166.63,East,Cash
O10382,CUST029,PROD005,2024-12-27,8,313.28,West,Bank Transfer
O10383,CUST027,PROD008,2024-02-06,6,95.3,East,Bank Transfer
O10384,CUST002,PROD004,2024-10-01,9,295.93,South,PayPal
O10385,CUST025,PROD007,2024-07-10,10,453.42,East,Cash
O10386,CUST038,PROD007,2024-02-12,10,474.82,West,PayPal
O10387,CUST001,PROD010,2024-07-26,5,236.01,South,Cash
O10388,CUST013,PROD014,2025-04-17,7,206.96,West,Bank Transfer
O10389,CUST033,PROD004,2024-10-20,5,163.34,West,Cash
O10390,CUST042,PROD001,2025-04-23,10,329.5,West,Credit Card
O10391,CUST011,PROD011,2024-11-29,10,101.02,North,Credit Card
O10392,CUST012,PROD006,2025-01-25,10,343.47,West,PayPal
O10393,CUST049,PROD017,2025-04-30,9,448.12,South,Bank Transfer
O10394,CUST035,PROD001,2024-03-16,4,343.52,West,Cash
O10395,CUST007,PROD020,2024-01-16,3,496.07,South,Credit Card
O10396,CUST020,PROD015,2024-04-16,3,198.25,South,Bank Transfer
O10397,CUST038,PROD008,2025-02-09,6,335.49,North,Bank Transfer
O10398,CUST047,PROD016,2025-05-29,4,152.35,South,PayPal
O10399,CUST016,PROD019,2024-06-26,7,243.16,South,PayPal
O10400,CUST007,PROD003,2025-04-14,9,280.97,South,PayPal
O10401,CUST039,PROD019,2024-03-07,6,132.17,West,PayPal
O10402,CUST020,PROD006,2025-02-14,10,124.6,East,Cash
O10403,CUST021,PROD003,2025-04-06,8,85.21,West,Cash
O10404,CUST029,PROD002,2024-12-25,8,114.39,West,Credit Card
O10405,CUST005,PROD013,2024-10-23,9,212.5,North,Cash
O10406,CUST037,PROD002,2024-11-23,1,52.61,North,Cash
O10407,CUST026,PROD016,2024-05-09,9,224.74,South,Bank Transfer
O10408,CUST039,PROD009,2024-03-22,1,395.38,West,Cash
O10409,CUST011,PROD011,2025-01-03,7,483.81,North,Cash
O10410,CUST039,PROD020,2025-04-16,9,174.18,East,Bank Transfer
O10411,CUST040,PROD010,2024-01-24,8,401.91,West,PayPal
O10412,CUST032,PROD002,2025-08-19,4,123.14,North,Credit Card
O10413,CUST020,PROD005,2024-06-16,3,360.96,North,Bank Transfer
O10414,CUST040,PROD005,2024-12-13,9,79.57,East,Credit Card
O10415,CUST042,PROD010,2024-05-11,1,333.64,West,PayPal
O10416,CUST017,PROD014,2025-06-24,8,109.73,North,Credit Card
O10417,CUST020,PROD019,2024-02-19,1,61.66,North,PayPal
O10418,CUST048,PROD008,2025-03-11,1,371.47,East,Bank Transfer
O10419,CUST042,PROD003,2025-08-21,10,308.27,West,Cash
O10420,CUST025,PROD018,2025-08-22,9,492.58,South,Credit Card
O10421,CUST020,PROD016,2024-12-23,5,455.37,North,PayPal
O10422,CUST041,PROD016,2025-07-27,4,458.16,East,Credit Card
O10423,CUST035,PROD016,2025-01-03,3,420.5,North,Cash
O10424,CUST028,PROD020,2025-03-28,2,251.99,East,Bank Transfer
O10425,CUST038,PROD006,2025-06-18,2,456.47,East,PayPal
O10426,CUST025,PROD019,2024-02-02,9,52.01,North,Cash
O10427,CUST038,PROD011,2025-08-16,4,217.02,East,Credit Card
O10428,CUST025,PROD018,2025-03-07,1,98.42,South,Cash
O10429,CUST008,PROD007,2024-06-18,9,474.81,North,Cash
O10430,CUST019,PROD004,2024-12-04,4,208.91,North,Cash
O10431,CUST038,PROD017,2024-08-29,4,306.21,West,Credit Card
O10432,CUST024,PROD001,2024-08-02,2,324.94,South,Bank Transfer
O10433,CUST033,PROD006,2024-08-08,1,80.35,North,Cash
O10434,CUST003,PROD018,2024-06-26,2,231.86,West,PayPal
O10435,CUST030,PROD005,2024-11-03,1,174.15,West,Credit Card
O10436,CUST042,PROD017,2024-01-16,3,68.9,North,Credit Card
O10437,CUST038,PROD009,2025-05-05,9,321.19,North,Bank Transfer
O10438,CUST008,PROD014,2025-01-11,8,191.11,West,Cash
O10439,CUST033,PROD014,2024-01-18,7,198.54,East,Cash
O10440,CUST027,PROD007,2024-08-23,9,171.47,South,Bank Transfer
O10441,CUST009,PROD019,2025-08-07,8,287.38,West,Credit Card
O10442,CUST005,PROD010,2025-04-20,8,473.96,South,PayPal
O10443,CUST030,PROD013,2025-08-16,3,308.05,South,PayPal
O10444,CUST009,PROD013,2024-11-21,8,374.99,North,Bank Transfer
O10445,CUST007,PROD019,2025-02-11,5,354.68,West,Cash
O10446,CUST003,PROD013,2024-10-04,8,242.4,West,Cash
O10447,CUST026,PROD017,2024-02-01,8,334.94,South,Bank Transfer
O10448,CUST039,PROD007,2024-02-02,9,364.95,North,Cash
O10449,CUST014,PROD014,2025-02-20,2,184.37,East,Credit Card
O10450,CUST007,PROD018,2025-07-13,10,92.48,North,Credit Card
O10451,CUST015,PROD005,2025-02-25,4,316.62,East,Bank Transfer
O10452,CUST010,PROD018,2024-11-12,7,174.27,North,Credit Card
O10453,CUST033,PROD007,2024-01-19,8,465.27,North,Bank Transfer
O10454,CUST043,PROD013,2024-09-02,7,456.45,South,PayPal
O10455,CUST008,PROD010,2024-06-07,10,289.7,North,Credit Card
O10456,CUST034,PROD009,2025-03-16,4,50.26,East,PayPal
O10457,CUST049,PROD017,2024-01-03,1,166.11,South,Cash
O10458,CUST034,PROD019,2025-08-26,2,314.92,East,PayPal
O10459,CUST048,PROD020,2024-06-02,8,277.34,East,Credit Card
O10460,CUST046,PROD015,2024-06-20,7,100.99,East,Bank Transfer
O10461,CUST033,PROD007,2024-06-08,6,126.35,North,Bank Transfer
O10462,CUST043,PROD001,2024-09-04,9,305.09,East,Bank Transfer
O10463,CUST022,PROD002,2024-01-13,5,352.29,South,Cash
O10464,CUST006,PROD014,2024-04-11,7,462.47,East,PayPal
O10465,CUST032,PROD011,2025-03-22,3,154.47,West,Bank Transfer
O10466,CUST012,PROD015,2024-03-01,2,108.53,West,Credit Card
O10467,CUST023,PROD003,2025-07-25,8,412.46,West,Cash
O10468,CUST030,PROD013,2024-05-08,4,454.24,North,PayPal
O10469,CUST029,PROD003,2024-09-04,2,470.57,North,Credit Card
O10470,CUST005,PROD017,2025-02-17,2,355.48,North,Credit Card
O10471,CUST006,PROD015,2025-02-04,5,132.36,South,Cash
O10472,CUST008,PROD009,2024-05-22,9,235.34,North,Cash
O10473,CUST042,PROD015,2024-09-13,4,58.86,East,Bank Transfer
O10474,CUST035,PROD014,2024-05-09,4,227.09,North,Bank Transfer
O10475,CUST006,PROD012,2024-03-30,1,420.69,East,Bank Transfer
O10476,CUST045,PROD004,2024-08-26,10,408.44,North,Credit Card
O10477,CUST042,PROD001,2025-06-09,2,107.32,North,Credit Card
O10478,CUST021,PROD009,2024-08-21,5,168.61,West,Bank Transfer
O10479,CUST013,PROD011,2025-04-11,5,74.28,South,Bank Transfer
O10480,CUST049,PROD001,2025-05-06,8,489.47,South,Cash
O10481,CUST020,PROD013,2025-01-08,9,270.84,East,Cash
O10482,CUST041,PROD001,2024-07-10,1,219.52,North,Bank Transfer
O10483,CUST036,PROD015,2025-03-18,7,169.72,South,PayPal
O10484,CUST010,PROD014,2025-01-06,7,453.4,South,Cash
O10485,CUST026,PROD014,2025-07-28,10,208.63,West,Credit Card
O10486,CUST011,PROD019,2025-06-16,1,145.7,North,PayPal
O10487,CUST014,PROD017,2024-06-02,4,241.37,East,PayPal
O10488,CUST040,PROD007,2024-07-31,9,346.24,West,Bank Transfer
O10489,CUST017,PROD018,2025-05-07,3,169.17,East,Bank Transfer
O10490,CUST049,PROD018,2024-07-31,5,281.06,North,PayPal
O10491,CUST020,PROD003,2025-03-30,2,221.26,North,Bank Transfer
O10492,CUST032,PROD007,2024-04-16,1,314.74,East,PayPal
O10493,CUST036,PROD013,2025-06-16,10,434.92,South,PayPal
O10494,CUST044,PROD009,2025-05-05,10,471.74,South,Cash
O10495,CUST039,PROD001,2025-01-21,10,398.46,North,Credit Card
O10496,CUST047,PROD019,2024-08-05,1,55.19,West,Cash
O10497,CUST045,PROD013,2024-03-02,7,374.49,West,Bank Transfer
O10498,CUST002,PROD005,2025-04-07,6,392.97,East,Credit Card
O10499,CUST048,PROD019,2024-04-29,10,194.62,South,Bank Transfer
O10500,CUST038,PROD003,2025-04-29,4,484.79,East,Bank Transfer
O10501,CUST016,PROD016,2024-04-15,6,440.65,South,Bank Transfer
O10502,CUST048,PROD020,2024-04-03,6,182.56,North,PayPal
O10503,CUST032,PROD017,2024-07-12,4,454.09,North,Cash
O10504,CUST031,PROD003,2025-05-29,4,453.15,South,Bank Transfer
O10505,CUST044,PROD013,2024-09-16,4,58.31,South,PayPal
O10506,CUST018,PROD020,2024-08-25,3,322.22,South,Bank Transfer
O10507,CUST043,PROD001,2024-02-29,4,236.4,North,PayPal
O10508,CUST004,PROD002,2024-08-20,4,371.97,North,Credit Card
O10509,CUST013,PROD016,2024-07-08,8,231.28,West,Bank Transfer
O10510,CUST028,PROD012,2025-07-05,2,493.86,South,PayPal
O10511,CUST011,PROD017,2024-02-22,7,462.42,West,Cash
O10512,CUST002,PROD002,2024-09-20,1,124.42,East,Bank Transfer
O10513,CUST013,PROD016,2025-03-07,5,104.41,North,Cash
O10514,CUST011,PROD016,2025-03-22,1,108.8,East,PayPal
O10515,CUST024,PROD006,2025-07-03,8,185.16,East,Cash
O10516,CUST004,PROD003,2024-10-18,1,147.99,West,Credit Card
O10517,CUST005,PROD018,2024-01-07,8,354.69,North,Credit Card
O10518,CUST034,PROD006,2024-11-02,5,453.5,East,PayPal
O10519,CUST021,PROD001,2024-10-06,10,446.5,South,Cash
O10520,CUST008,PROD006,2024-08-01,8,375.04,North,Bank Transfer
O10521,CUST015,PROD002,2025-04-23,2,338.66,West,Bank Transfer
O10522,CUST023,PROD004,2024-12-07,5,214.98,South,Cash
O10523,CUST049,PROD020,2025-02-06,4,255.18,West,Bank Transfer
O10524,CUST050,PROD015,2024-12-16,9,227.55,North,PayPal
O10525,CUST031,PROD011,2024-07-08,2,60.93,North,Bank Transfer
O10526,CUST024,PROD005,2024-05-30,9,334.42,South,Credit Card
O10527,CUST033,PROD002,2025-03-29,2,140.83,East,Cash
O10528,CUST011,PROD009,2025-03-16,8,403.85,North,PayPal
O10529,CUST017,PROD018,2024-03-25,3,314.66,East,PayPal
O10530,CUST032,PROD009,2025-06-10,9,336.7,East,Cash
O10531,CUST005,PROD003,2024-06-19,1,464.35,East,Cash
O10532,CUST041,PROD007,2024-08-06,8,149.07,West,Credit Card
O10533,CUST038,PROD015,2024-12-04,10,460.34,North,Credit Card
O10534,CUST033,PROD003,2024-05-01,9,141.85,South,Bank Transfer
O10535,CUST008,PROD019,2024-09-16,2,338.69,East,Bank Transfer
O10536,CUST018,PROD006,2024-07-05,9,402.36,West,Credit Card
O10537,CUST017,PROD012,2024-10-31,2,263.81,West,Bank Transfer
O10538,CUST009,PROD018,2024-11-11,6,135.37,West,Cash
O10539,CUST031,PROD013,2024-09-27,3,88.12,South,Bank Transfer
O10540,CUST026,PROD018,2024-03-19,3,343.12,North,Cash
O10541,CUST045,PROD001,2025-03-06,5,50.84,West,Bank Transfer
O10542,CUST016,PROD015,2024-10-25,5,364.59,East,Bank Transfer
O10543,CUST049,PROD012,2025-03-27,2,236.5,East,PayPal
O10544,CUST004,PROD009,2025-02-17,5,462.23,North,PayPal
O10545,CUST018,PROD011,2024-05-30,9,489.64,East,Credit Card
O10546,CUST032,PROD005,2025-07-04,1,307.52,West,Bank Transfer
O10547,CUST033,PROD019,2024-03-08,3,330.02,South,PayPal
O10548,CUST024,PROD002,2024-09-25,9,496.97,South,Bank Transfer
O10549,CUST036,PROD020,2024-02-29,8,378.7,East,PayPal
O10550,CUST037,PROD002,2024-06-23,8,211.38,East,Bank Transfer
O10551,CUST050,PROD018,2024-01-30,6,411.86,East,Cash
O10552,CUST039,PROD008,2024-03-26,8,468.81,North,Cash
O10553,CUST006,PROD002,2025-08-16,9,120.12,North,Bank Transfer
O10554,CUST025,PROD007,2024-07-20,5,136.37,South,Bank Transfer
O10555,CUST025,PROD017,2025-02-12,1,466.71,East,PayPal
O10556,CUST023,PROD019,2024-07-07,7,366.85,East,Bank Transfer
O10557,CUST050,PROD010,2024-07-23,6,249.0,North,PayPal
O10558,CUST050,PROD003,2024-09-21,3,145.49,East,Credit Card
O10559,CUST049,PROD005,2024-06-04,1,487.71,West,Credit Card
O10560,CUST012,PROD019,2024-11-30,2,130.81,West,Credit Card
O10561,CUST017,PROD004,2025-04-25,8,294.69,South,Credit Card
O10562,CUST032,PROD016,2025-05-28,6,200.87,East,Bank Transfer
O10563,CUST022,PROD005,2025-01-06,8,459.73,West,Credit Card
O10564,CUST012,PROD016,2025-03-27,9,449.66,West,Cash
O10565,CUST026,PROD009,2024-03-11,10,273.29,West,PayPal
O10566,CUST031,PROD005,2024-03-04,8,247.03,West,Credit Card
O10567,CUST007,PROD018,2025-03-31,8,130.44,East,Credit Card
O10568,CUST022,PROD007,2024-04-12,6,320.31,East,PayPal
O10569,CUST042,PROD008,2025-01-18,8,387.23,South,Credit Card
O10570,CUST011,PROD014,2025-06-04,3,241.11,South,Cash
O10571,CUST047,PROD004,2025-07-03,6,175.63,North,PayPal
O10572,CUST002,PROD007,2025-07-27,3,187.22,West,Cash
O10573,CUST036,PROD010,2024-01-17,8,275.58,West,Bank Transfer
O10574,CUST050,PROD015,2024-12-23,7,419.77,East,PayPal
O10575,CUST031,PROD008,2025-04-08,1,475.25,South,Credit Card
O10576,CUST044,PROD015,2025-01-25,3,85.49,West,Bank Transfer
O10577,CUST026,PROD003,2024-01-01,2,284.79,South,Bank Transfer
O10578,CUST026,PROD009,2024-01-16,6,141.65,South,Credit Card
O10579,CUST038,PROD018,2025-05-14,5,145.81,West,Cash
O10580,CUST043,PROD003,2024-03-02,7,469.75,South,PayPal
O10581,CUST015,PROD020,2024-05-15,9,60.26,West,Credit Card
O10582,CUST048,PROD009,2024-12-21,7,56.77,West,PayPal
O10583,CUST037,PROD009,2024-11-05,1,52.65,West,Credit Card
O10584,CUST026,PROD013,2024-08-15,8,495.92,South,Credit Card
O10585,CUST048,PROD016,2024-06-25,5,283.99,West,Cash
O10586,CUST005,PROD020,2024-12-10,4,463.54,South,Credit Card
O10587,CUST027,PROD009,2024-10-23,9,385.83,East,Bank Transfer
O10588,CUST033,PROD013,2024-02-19,9,81.82,West,PayPal
O10589,CUST007,PROD002,2024-12-26,10,292.43,South,PayPal
O10590,CUST004,PROD007,2024-12-24,6,370.18,West,Cash
O10591,CUST023,PROD018,2025-07-07,3,305.62,West,Credit Card
O10592,CUST042,PROD017,2024-01-18,2,493.66,South,Credit Card
O10593,CUST050,PROD003,2024-05-15,7,318.94,North,Credit Card
O10594,CUST019,PROD020,2025-06-06,8,178.08,South,Credit Card
O10595,CUST047,PROD006,2024-05-26,10,444.21,West,PayPal
O10596,CUST044,PROD016,2025-08-09,5,232.41,North,PayPal
O10597,CUST014,PROD011,2024-03-18,10,94.0,North,Credit Card
O10598,CUST021,PROD005,2024-07-03,9,195.2,East,Cash
O10599,CUST048,PROD008,2024-06-05,4,62.74,East,Cash
O10600,CUST030,PROD006,2024-11-30,2,249.17,East,Credit Card
O10601,CUST026,PROD005,2025-05-31,6,185.14,East,PayPal
O10602,CUST046,PROD020,2024-06-23,2,389.24,South,Bank Transfer
O10603,CUST038,PROD001,2024-05-17,7,358.93,West,Cash
O10604,CUST048,PROD018,2024-03-05,8,275.43,South,PayPal
O10605,CUST042,PROD010,2024-06-26,8,163.97,West,PayPal
O10606,CUST002,PROD016,2024-10-10,3,192.14,South,Bank Transfer
O10607,CUST015,PROD003,2024-07-02,4,90.33,South,Credit Card
O10608,CUST029,PROD015,2024-08-27,2,331.58,South,Credit Card
O10609,CUST017,PROD020,2025-03-27,1,282.12,South,Credit Card
O10610,CUST021,PROD017,2024-08-16,8,475.72,South,Bank Transfer
O10611,CUST048,PROD014,2024-01-29,5,192.8,North,PayPal
O10612,CUST008,PROD017,2025-03-17,3,171.66,North,Bank Transfer
O10613,CUST005,PROD009,2024-07-09,9,394.61,South,Credit Card
O10614,CUST045,PROD006,2025-03-16,1,221.13,South,Credit Card
O10615,CUST016,PROD015,2024-08-06,8,356.71,West,PayPal
O10616,CUST035,PROD005,2024-10-08,5,204.1,South,Cash
O10617,CUST048,PROD011,2024-01-19,10,286.1,East,Credit Card
O10618,CUST015,PROD016,2025-04-24,8,128.67,South,Cash
O10619,CUST006,PROD005,2024-02-01,1,398.64,South,Credit Card
O10620,CUST001,PROD010,2024-09-24,3,101.27,West,Credit Card
O10621,CUST021,PROD013,2025-05-11,10,272.02,West,Cash
O10622,CUST009,PROD002,2024-08-06,6,176.06,West,Cash
O10623,CUST011,PROD012,2024-09-16,3,119.41,East,Cash
O10624,CUST002,PROD012,2024-02-07,1,145.19,North,PayPal
O10625,CUST045,PROD004,2024-01-09,10,257.6,West,Bank Transfer
O10626,CUST048,PROD003,2024-02-01,3,127.22,North,Cash
O10627,CUST030,PROD007,2025-03-16,8,316.94,East,PayPal
O10628,CUST009,PROD010,2024-12-14,1,226.71,West,Cash
O10629,CUST032,PROD002,2025-05-01,3,494.8,South,Credit Card
O10630,CUST010,PROD014,2024-03-28,3,278.23,North,Bank Transfer
O10631,CUST001,PROD008,2024-06-08,7,122.84,North,Bank Transfer
O10632,CUST004,PROD019,2025-07-12,10,383.84,East,Cash
O10633,CUST042,PROD009,2025-08-07,9,255.1,North,Credit Card
O10634,CUST005,PROD015,2024-09-05,8,403.83,North,Credit Card
O10635,CUST048,PROD017,2025-07-17,6,388.75,South,Cash
O10636,CUST027,PROD012,2025-07-19,9,89.05,North,Cash
O10637,CUST046,PROD014,2025-02-04,2,294.02,South,Credit Card
O10638,CUST022,PROD017,2025-01-19,10,378.94,South,PayPal
O10639,CUST013,PROD002,2025-07-07,6,309.23,South,Credit Card
O10640,CUST026,PROD015,2024-10-02,4,487.9,South,Cash
O10641,CUST034,PROD004,2025-02-14,4,167.61,South,Cash
O10642,CUST014,PROD005,2025-02-02,4,236.18,South,PayPal
O10643,CUST005,PROD008,2024-11-07,8,210.04,East,Bank Transfer
O10644,CUST003,PROD019,2024-03-13,2,267.83,North,Credit Card
O10645,CUST046,PROD020,2025-08-21,5,242.62,West,Bank Transfer
O10646,CUST048,PROD004,2025-07-18,9,306.64,North,Credit Card
O10647,CUST031,PROD019,2024-09-13,3,90.72,North,Cash
O10648,CUST038,PROD018,2024-04-28,7,69.35,North,Bank Transfer
O10649,CUST025,PROD003,2025-02-15,4,241.22,South,PayPal
O10650,CUST024,PROD001,2024-05-21,10,267.74,South,Bank Transfer
O10651,CUST044,PROD014,2024-07-29,5,418.84,East,Cash
O10652,CUST037,PROD006,2025-08-05,3,75.36,East,PayPal
O10653,CUST031,PROD019,2024-08-14,6,283.26,South,Credit Card
O10654,CUST042,PROD020,2024-10-19,4,359.58,West,Bank Transfer
O10655,CUST016,PROD009,2024-03-17,8,397.7,South,Bank Transfer
O10656,CUST026,PROD009,2025-04-10,1,186.38,South,Credit Card
O10657,CUST027,PROD001,2024-12-08,8,101.96,North,Cash
O10658,CUST020,PROD014,2025-02-05,6,59.37,West,Bank Transfer
O10659,CUST011,PROD010,2024-02-28,8,357.24,South,PayPal
O10660,CUST009,PROD003,2025-04-13,10,487.35,East,Credit Card
O10661,CUST016,PROD010,2024-03-19,10,78.13,West,Bank Transfer
O10662,CUST009,PROD001,2024-11-08,9,278.56,West,PayPal
O10663,CUST010,PROD002,2025-05-10,7,353.49,East,Credit Card
O10664,CUST008,PROD019,2024-08-22,2,276.42,North,Bank Transfer
O10665,CUST001,PROD005,2024-10-25,10,265.75,South,Cash
O10666,CUST033,PROD004,2025-02-16,9,196.94,East,Bank Transfer
O10667,CUST013,PROD012,2024-07-26,3,101.4,South,Credit Card
O10668,CUST049,PROD007,2024-01-16,10,75.96,North,PayPal
O10669,CUST040,PROD015,2025-08-19,5,460.59,North,Bank Transfer
O10670,CUST007,PROD001,2024-04-08,4,110.17,South,Bank Transfer
O10671,CUST009,PROD013,2024-04-23,4,344.12,North,Credit Card
O10672,CUST037,PROD016,2024-11-10,1,90.19,East,Cash
O10673,CUST002,PROD003,2024-01-28,6,161.57,East,PayPal
O10674,CUST010,PROD003,2025-06-18,2,239.48,North,PayPal
O10675,CUST011,PROD017,2025-04-29,4,398.11,West,Cash
O10676,CUST008,PROD003,2024-07-09,5,225.7,East,Cash
O10677,CUST011,PROD001,2024-07-02,10,279.8,South,Bank Transfer
O10678,CUST042,PROD018,2025-08-21,2,353.78,East,Credit Card
O10679,CUST021,PROD013,2024-06-20,10,356.28,South,Bank Transfer
O10680,CUST005,PROD007,2025-07-04,4,112.53,East,Credit Card
O10681,CUST033,PROD017,2025-06-09,9,260.54,West,Bank Transfer
O10682,CUST026,PROD011,2024-03-28,3,226.07,South,PayPal
O10683,CUST013,PROD002,2024-07-12,7,162.81,North,Cash
O10684,CUST002,PROD019,2024-05-20,9,418.13,East,Cash
O10685,CUST014,PROD004,2025-05-02,4,74.97,South,PayPal
O10686,CUST023,PROD011,2025-05-29,1,301.29,North,PayPal
O10687,CUST017,PROD015,2024-11-08,10,352.37,East,PayPal
O10688,CUST043,PROD009,2024-11-14,3,299.29,South,Bank Transfer
O10689,CUST009,PROD004,2024-07-18,7,202.46,North,PayPal
O10690,CUST050,PROD016,2025-08-31,7,366.53,South,Credit Card
O10691,CUST022,PROD006,2024-12-29,5,83.68,West,Bank Transfer
O10692,CUST028,PROD006,2024-06-11,9,290.0,West,PayPal
O10693,CUST004,PROD012,2025-03-28,2,170.16,South,Cash
O10694,CUST021,PROD007,2025-07-18,8,267.32,West,Credit Card
O10695,CUST040,PROD009,2024-09-22,10,352.12,East,Bank Transfer
O10696,CUST010,PROD020,2024-07-17,2,78.41,South,Cash
O10697,CUST029,PROD012,2025-05-01,9,245.96,North,PayPal
O10698,CUST019,PROD015,2025-01-04,5,192.12,South,Credit Card
O10699,CUST027,PROD004,2024-01-12,3,355.02,West,Credit Card
O10700,CUST045,PROD008,2024-02-16,3,142.62,West,PayPal
O10701,CUST018,PROD019,2024-11-17,7,154.34,North,Credit Card
O10702,CUST031,PROD001,2024-06-30,2,409.94,East,Credit Card
O10703,CUST034,PROD007,2024-01-14,6,417.46,North,Credit Card
O10704,CUST032,PROD003,2024-11-24,2,466.99,South,PayPal
O10705,CUST014,PROD014,2025-07-04,9,260.15,East,Bank Transfer
O10706,CUST029,PROD008,2024-12-31,1,229.15,North,Credit Card
O10707,CUST037,PROD016,2024-11-14,5,472.17,North,Credit Card
O10708,CUST034,PROD016,2025-04-30,4,470.74,West,Credit Card
O10709,CUST015,PROD018,2024-09-13,9,171.38,East,Credit Card
O10710,CUST034,PROD010,2025-07-08,4,204.89,North,PayPal
O10711,CUST039,PROD014,2025-03-21,9,53.22,North,PayPal
O10712,CUST044,PROD011,2025-04-23,3,233.3,West,Credit Card
O10713,CUST028,PROD001,2024-12-23,2,213.47,West,Cash
O10714,CUST021,PROD006,2025-02-26,3,344.47,East,Cash
O10715,CUST027,PROD016,2024-04-07,5,132.66,East,PayPal
O10716,CUST029,PROD010,2024-12-08,8,262.32,East,PayPal
O10717,CUST043,PROD019,2024-11-30,8,453.5,North,Credit Card
O10718,CUST023,PROD019,2024-06-24,8,409.96,South,PayPal
O10719,CUST044,PROD015,2024-10-09,8,98.42,North,Credit Card
O10720,CUST017,PROD001,2025-07-13,7,152.21,North,PayPal
O10721,CUST021,PROD015,2024-06-28,5,263.76,West,Bank Transfer
O10722,CUST001,PROD010,2024-12-29,10,102.11,West,PayPal
O10723,CUST005,PROD010,2025-04-13,9,255.59,West,PayPal
O10724,CUST044,PROD019,2024-11-08,3,331.05,East,Bank Transfer
O10725,CUST020,PROD015,2025-04-17,6,146.46,North,Credit Card
O10726,CUST010,PROD014,2025-01-03,2,388.16,West,Credit Card
O10727,CUST047,PROD015,2024-08-29,10,393.88,East,Credit Card
O10728,CUST040,PROD004,2024-03-15,3,389.6,East,Cash
O10729,CUST031,PROD015,2024-06-12,10,350.33,West,Credit Card
O10730,CUST012,PROD019,2025-05-30,2,55.05,North,Cash
O10731,CUST030,PROD005,2025-01-02,3,411.37,East,Bank Transfer
O10732,CUST029,PROD019,2025-04-24,7,456.76,North,PayPal
O10733,CUST036,PROD009,2024-10-22,3,106.73,West,Credit Card
O10734,CUST047,PROD002,2024-07-18,2,410.46,South,Credit Card
O10735,CUST049,PROD006,2025-07-07,3,383.94,West,PayPal
O10736,CUST021,PROD006,2025-07-30,2,368.36,North,Credit Card
O10737,CUST036,PROD018,2024-01-30,4,363.31,West,Bank Transfer
O10738,CUST044,PROD017,2025-03-03,7,253.81,East,Credit Card
O10739,CUST011,PROD017,2024-02-19,10,275.85,East,PayPal
O10740,CUST008,PROD019,2024-05-31,3,285.39,South,Cash
O10741,CUST004,PROD015,2024-02-15,8,157.17,East,Credit Card
O10742,CUST029,PROD008,2024-01-01,6,307.84,South,PayPal
O10743,CUST013,PROD012,2024-03-24,1,353.96,East,Credit Card
O10744,CUST021,PROD008,2024-04-08,4,197.2,South,PayPal
O10745,CUST030,PROD009,2025-02-08,6,485.69,North,PayPal
O10746,CUST001,PROD014,2024-10-05,7,444.78,South,Bank Transfer
O10747,CUST010,PROD019,2025-07-14,1,207.08,North,Bank Transfer
O10748,CUST005,PROD018,2024-07-10,3,270.32,West,Bank Transfer
O10749,CUST001,PROD006,2024-06-09,5,289.82,West,PayPal
O10750,CUST048,PROD007,2024-12-25,5,142.3,South,Bank Transfer
O10751,CUST035,PROD018,2024-01-22,8,167.43,East,PayPal
O10752,CUST017,PROD002,2024-03-04,5,338.38,North,PayPal
O10753,CUST020,PROD006,2025-05-07,9,236.6,North,Credit Card
O10754,CUST033,PROD016,2024-10-01,2,461.93,North,Bank Transfer
O10755,CUST004,PROD006,2025-04-15,1,475.22,West,PayPal
O10756,CUST048,PROD005,2024-09-26,2,221.32,North,PayPal
O10757,CUST035,PROD013,2025-05-28,9,76.28,North,Credit Card
O10758,CUST034,PROD020,2025-04-16,4,294.51,West,Cash
O10759,CUST035,PROD010,2024-01-15,10,132.24,North,Credit Card
O10760,CUST018,PROD003,2024-05-02,4,407.09,East,Credit Card
O10761,CUST025,PROD019,2024-08-22,5,448.38,East,PayPal
O10762,CUST030,PROD019,2025-05-09,1,356.79,North,Credit Card
O10763,CUST049,PROD007,2025-08-21,3,452.46,West,Bank Transfer
O10764,CUST035,PROD002,2025-08-23,2,247.29,East,Bank Transfer
O10765,CUST005,PROD015,2024-10-06,9,224.68,East,PayPal
O10766,CUST046,PROD012,2024-04-22,5,84.18,North,PayPal
O10767,CUST017,PROD014,2024-03-23,9,469.46,East,PayPal
O10768,CUST022,PROD013,2024-07-22,7,250.79,South,Cash
O10769,CUST021,PROD020,2024-07-10,3,473.91,East,Cash
O10770,CUST001,PROD010,2025-02-05,1,276.17,West,Cash
O10771,CUST037,PROD014,2025-04-11,2,142.39,South,Cash
O10772,CUST031,PROD013,2024-11-16,2,423.37,North,Cash
O10773,CUST034,PROD013,2024-05-04,8,224.13,East,Credit Card
O10774,CUST023,PROD009,2024-02-11,2,222.19,North,Bank Transfer
O10775,CUST038,PROD002,2024-04-02,1,371.8,North,Cash
O10776,CUST050,PROD002,2024-10-27,7,467.58,South,Cash
O10777,CUST009,PROD017,2024-12-03,5,319.73,West,PayPal
O10778,CUST010,PROD013,2024-03-07,4,172.24,South,Credit Card
O10779,CUST046,PROD001,2024-12-21,9,336.17,East,PayPal
O10780,CUST040,PROD006,2024-12-09,7,221.25,West,Bank Transfer
O10781,CUST011,PROD016,2024-09-29,8,165.54,North,Credit Card
O10782,CUST034,PROD011,2025-03-23,6,248.76,West,PayPal
O10783,CUST033,PROD007,2024-03-22,2,277.34,South,Cash
O10784,CUST018,PROD005,2024-10-10,1,264.52,East,Bank Transfer
O10785,CUST034,PROD013,2024-03-17,6,199.79,North,PayPal
O10786,CUST005,PROD001,2024-09-06,10,300.5,East,PayPal
O10787,CUST037,PROD014,2025-05-04,10,332.74,East,Cash
O10788,CUST020,PROD016,2024-11-23,8,97.97,North,Credit Card
O10789,CUST028,PROD016,2024-07-14,4,119.43,North,Credit Card
O10790,CUST007,PROD008,2025-06-04,9,496.42,South,Bank Transfer
O10791,CUST009,PROD001,2024-01-07,7,460.76,East,Credit Card
O10792,CUST048,PROD019,2025-05-27,1,421.21,South,Bank Transfer
O10793,CUST023,PROD011,2024-05-19,6,180.09,East,PayPal
O10794,CUST003,PROD002,2024-04-14,6,95.73,West,Bank Transfer
O10795,CUST015,PROD010,2024-04-01,5,70.74,West,Cash
O10796,CUST044,PROD001,2025-06-01,7,135.99,South,PayPal
O10797,CUST039,PROD020,2024-09-29,4,387.64,West,Cash
O10798,CUST004,PROD016,2024-09-09,8,382.78,South,Credit Card
O10799,CUST021,PROD018,2024-09-12,9,148.05,South,Credit Card
O10800,CUST028,PROD008,2025-02-22,3,58.54,North,PayPal
O10801,CUST022,PROD017,2024-03-01,2,302.52,East,Cash
O10802,CUST046,PROD016,2024-08-16,5,339.64,South,PayPal
O10803,CUST048,PROD019,2024-06-17,9,92.79,East,Cash
O10804,CUST037,PROD002,2024-12-17,9,81.92,West,Bank Transfer
O10805,CUST009,PROD005,2024-08-22,7,340.24,East,Bank Transfer
O10806,CUST049,PROD010,2025-01-19,5,444.98,North,Credit Card
O10807,CUST001,PROD019,2024-10-05,5,253.85,West,Credit Card
O10808,CUST026,PROD012,2024-02-28,6,392.82,West,Bank Transfer
O10809,CUST014,PROD017,2024-12-23,8,69.29,North,Cash
O10810,CUST006,PROD005,2025-04-16,2,431.9,South,PayPal
O10811,CUST039,PROD005,2025-06-24,7,130.96,North,Credit Card
O10812,CUST038,PROD019,2024-09-21,6,426.72,South,Bank Transfer
O10813,CUST021,PROD006,2025-07-21,1,70.43,North,Cash
O10814,CUST004,PROD020,2025-05-22,10,173.93,South,PayPal
O10815,CUST022,PROD003,2025-05-06,8,178.55,South,Bank Transfer
O10816,CUST046,PROD016,2025-03-22,5,368.56,South,Cash
O10817,CUST044,PROD011,2025-03-08,4,426.9,East,Bank Transfer
O10818,CUST018,PROD008,2024-11-10,7,493.95,South,Credit Card
O10819,CUST042,PROD016,2025-08-12,1,402.8,West,Bank Transfer
O10820,CUST042,PROD018,2024-10-25,8,173.39,South,Bank Transfer
O10821,CUST047,PROD009,2024-08-11,4,423.72,North,Cash
O10822,CUST038,PROD014,2025-02-08,3,467.57,North,Bank Transfer
O10823,CUST041,PROD006,2024-11-28,6,388.68,West,Cash
O10824,CUST033,PROD012,2024-08-25,7,90.3,West,Credit Card
O10825,CUST031,PROD001,2025-03-10,1,273.45,East,Credit Card
O10826,CUST010,PROD007,2024-12-29,5,106.26,South,Bank Transfer
O10827,CUST040,PROD018,2025-08-06,3,439.03,West,Cash
O10828,CUST048,PROD005,2025-05-07,4,215.31,West,Cash
O10829,CUST050,PROD019,2024-11-18,4,475.65,West,Cash
O10830,CUST041,PROD008,2024-02-06,3,490.13,West,PayPal
O10831,CUST036,PROD003,2024-06-30,9,299.85,North,Bank Transfer
O10832,CUST035,PROD018,2024-03-05,2,436.0,South,Credit Card
O10833,CUST010,PROD014,2024-06-11,6,370.42,West,PayPal
O10834,CUST041,PROD008,2025-08-29,5,141.64,North,Cash
O10835,CUST006,PROD011,2024-03-08,9,55.11,West,Bank Transfer
O10836,CUST039,PROD016,2024-01-25,6,479.38,East,PayPal
O10837,CUST026,PROD020,2024-09-01,9,151.27,West,Credit Card
O10838,CUST009,PROD004,2024-11-26,6,334.28,East,Credit Card
O10839,CUST048,PROD006,2024-06-07,1,95.89,North,Credit Card
O10840,CUST047,PROD001,2024-12-24,9,479.78,South,Bank Transfer
O10841,CUST033,PROD007,2024-04-09,2,201.17,North,Cash
O10842,CUST015,PROD020,2024-09-19,10,61.28,East,Cash
O10843,CUST041,PROD014,2024-09-16,3,481.07,South,Credit Card
O10844,CUST018,PROD008,2025-07-03,4,447.56,North,Bank Transfer
O10845,CUST034,PROD003,2024-09-05,7,305.13,East,Credit Card
O10846,CUST038,PROD008,2024-05-22,1,294.64,West,Cash
O10847,CUST040,PROD020,2024-04-01,4,137.54,North,Cash
O10848,CUST043,PROD018,2024-03-08,5,54.42,South,PayPal
O10849,CUST017,PROD015,2024-12-21,10,206.62,East,Credit Card
O10850,CUST036,PROD007,2024-09-10,3,132.52,West,PayPal
O10851,CUST020,PROD003,2024-11-06,7,72.45,East,Cash
O10852,CUST028,PROD011,2024-08-18,4,384.62,North,PayPal
O10853,CUST007,PROD003,2024-09-12,7,363.34,West,Credit Card
O10854,CUST047,PROD004,2024-03-06,2,346.86,South,Credit Card
O10855,CUST046,PROD018,2025-04-26,8,405.78,South,Bank Transfer
O10856,CUST048,PROD007,2024-05-09,1,412.1,North,Cash
O10857,CUST022,PROD006,2025-02-13,2,241.75,East,Credit Card
O10858,CUST010,PROD010,2024-07-08,4,110.9,South,PayPal
O10859,CUST045,PROD018,2024-05-12,4,159.77,East,Cash
O10860,CUST034,PROD019,2024-06-19,5,117.71,East,Cash
O10861,CUST018,PROD020,2024-12-10,5,484.57,South,PayPal
O10862,CUST001,PROD017,2024-02-19,7,88.38,West,Bank Transfer
O10863,CUST038,PROD006,2025-03-02,2,461.2,East,PayPal
O10864,CUST030,PROD020,2024-05-25,5,491.68,North,PayPal
O10865,CUST013,PROD001,2024-06-16,3,452.65,West,Bank Transfer
O10866,CUST033,PROD018,2024-04-25,2,167.71,West,Credit Card
O10867,CUST010,PROD018,2024-11-16,9,50.55,East,Credit Card
O10868,CUST024,PROD006,2024-03-22,5,53.42,East,Bank Transfer
O10869,CUST036,PROD005,2024-04-26,2,356.79,South,Bank Transfer
O10870,CUST046,PROD018,2024-12-04,1,440.11,East,Bank Transfer
O10871,CUST028,PROD004,2024-01-06,5,334.42,East,PayPal
O10872,CUST014,PROD004,2024-06-23,8,132.35,South,Bank Transfer
O10873,CUST023,PROD007,2024-03-05,2,165.58,South,Bank Transfer
O10874,CUST002,PROD008,2024-11-11,10,335.42,East,PayPal
O10875,CUST017,PROD012,2024-08-14,4,133.88,West,Bank Transfer
O10876,CUST008,PROD011,2024-04-25,2,210.49,North,PayPal
O10877,CUST020,PROD009,2024-07-20,7,282.33,West,Bank Transfer
O10878,CUST019,PROD011,2025-04-28,3,120.68,North,Credit Card
O10879,CUST032,PROD015,2025-01-21,7,250.42,West,PayPal
O10880,CUST021,PROD001,2024-12-26,7,317.8,West,Bank Transfer
O10881,CUST050,PROD011,2024-06-15,6,71.97,East,PayPal
O10882,CUST021,PROD008,2024-05-28,2,257.09,East,Credit Card
O10883,CUST013,PROD019,2024-05-27,7,437.85,North,Bank Transfer
O10884,CUST039,PROD018,2024-03-11,1,297.45,South,Bank Transfer
O10885,CUST020,PROD015,2024-04-28,1,104.32,East,PayPal
O10886,CUST045,PROD002,2024-10-02,10,379.97,South,PayPal
O10887,CUST010,PROD016,2024-01-10,4,205.59,West,PayPal
O10888,CUST047,PROD004,2024-07-01,2,99.9,North,Credit Card
O10889,CUST010,PROD013,2025-05-14,1,178.65,North,Cash
O10890,CUST020,PROD009,2025-05-08,8,80.48,East,Cash
O10891,CUST050,PROD008,2024-06-19,2,203.78,East,PayPal
O10892,CUST044,PROD011,2024-03-06,4,69.56,South,Cash
O10893,CUST008,PROD007,2024-09-16,9,469.09,South,Cash
O10894,CUST025,PROD012,2024-05-03,4,455.68,East,PayPal
O10895,CUST029,PROD007,2024-09-20,9,63.95,West,PayPal
O10896,CUST020,PROD013,2024-06-23,1,421.03,North,Credit Card
O10897,CUST035,PROD009,2024-12-28,10,359.75,East,Credit Card
O10898,CUST028,PROD014,2024-01-10,8,105.87,East,Cash
O10899,CUST034,PROD008,2025-06-25,3,409.97,South,Credit Card
O10900,CUST006,PROD020,2024-09-13,7,308.26,East,PayPal
O10901,CUST003,PROD012,2025-04-21,2,246.65,East,PayPal
O10902,CUST029,PROD018,2024-10-12,1,123.8,North,Credit Card
O10903,CUST049,PROD004,2024-07-27,1,446.93,North,PayPal
O10904,CUST035,PROD016,2025-06-06,7,380.33,North,Bank Transfer
O10905,CUST038,PROD003,2024-09-22,9,492.13,West,PayPal
O10906,CUST048,PROD014,2025-01-01,5,284.14,West,Credit Card
O10907,CUST040,PROD017,2024-03-19,7,224.28,South,Cash
O10908,CUST033,PROD013,2024-12-27,6,383.65,East,Credit Card
O10909,CUST004,PROD018,2024-11-06,3,373.28,East,Cash
O10910,CUST040,PROD004,2025-05-30,10,432.71,East,Credit Card
O10911,CUST028,PROD001,2024-06-15,8,425.7,South,PayPal
O10912,CUST028,PROD019,2024-06-20,6,259.48,West,Credit Card
O10913,CUST048,PROD007,2024-08-20,1,362.83,North,Bank Transfer
O10914,CUST040,PROD015,2024-09-14,8,335.01,South,Cash
O10915,CUST028,PROD001,2024-04-06,3,79.03,West,Bank Transfer
O10916,CUST005,PROD019,2025-01-15,10,384.74,North,PayPal
O10917,CUST009,PROD006,2024-08-05,3,50.57,West,Credit Card
O10918,CUST049,PROD014,2024-12-20,8,476.6,West,PayPal
O10919,CUST007,PROD018,2024-09-23,7,435.94,East,Bank Transfer
O10920,CUST041,PROD008,2024-12-14,8,181.73,South,Credit Card
O10921,CUST003,PROD001,2024-09-29,4,345.03,East,Bank Transfer
O10922,CUST039,PROD011,2024-01-06,9,157.75,East,Credit Card
O10923,CUST026,PROD014,2025-04-20,6,216.3,North,PayPal
O10924,CUST014,PROD008,2024-07-31,8,252.27,East,Cash
O10925,CUST030,PROD015,2024-10-03,6,113.53,South,Credit Card
O10926,CUST045,PROD018,2024-09-15,4,236.15,East,PayPal
O10927,CUST010,PROD013,2025-02-12,1,232.4,South,PayPal
O10928,CUST009,PROD009,2024-08-05,4,357.01,West,Credit Card
O10929,CUST021,PROD017,2024-05-11,4,425.26,West,Bank Transfer
O10930,CUST039,PROD008,2025-06-20,5,338.4,East,Bank Transfer
O10931,CUST035,PROD008,2024-05-13,9,138.41,East,PayPal
O10932,CUST003,PROD005,2024-02-14,10,96.95,South,Credit Card
O10933,CUST035,PROD016,2025-07-12,3,474.89,East,Cash
O10934,CUST046,PROD014,2024-04-13,9,165.96,East,Cash
O10935,CUST001,PROD005,2024-04-16,9,109.56,West,Cash
O10936,CUST046,PROD014,2025-02-26,2,470.42,North,Bank Transfer
O10937,CUST017,PROD007,2024-05-13,7,238.98,East,Bank Transfer
O10938,CUST035,PROD002,2024-01-14,9,144.06,South,PayPal
O10939,CUST010,PROD012,2025-05-18,7,209.78,East,PayPal
O10940,CUST019,PROD001,2024-12-21,10,132.66,North,Credit Card
O10941,CUST019,PROD014,2024-01-22,8,60.83,West,Bank Transfer
O10942,CUST006,PROD016,2024-06-20,9,134.72,South,Cash
O10943,CUST010,PROD004,2025-07-16,5,252.76,West,Bank Transfer
O10944,CUST004,PROD003,2024-03-15,10,272.5,South,Cash
O10945,CUST024,PROD012,2024-01-21,5,281.91,East,Credit Card
O10946,CUST042,PROD010,2024-02-06,6,104.31,West,Bank Transfer
O10947,CUST048,PROD013,2024-07-25,7,257.59,West,Bank Transfer
O10948,CUST006,PROD007,2025-05-13,2,460.95,West,Credit Card
O10949,CUST018,PROD016,2024-11-22,7,344.22,South,PayPal
O10950,CUST032,PROD007,2025-04-22,6,301.69,West,Credit Card
O10951,CUST049,PROD003,2025-08-31,8,187.2,North,Bank Transfer
O10952,CUST040,PROD011,2024-04-02,4,286.52,North,Cash
O10953,CUST003,PROD016,2024-07-01,4,455.48,North,PayPal
O10954,CUST033,PROD016,2024-06-24,1,336.3,North,Credit Card
O10955,CUST029,PROD007,2024-01-24,1,399.79,East,Credit Card
O10956,CUST007,PROD006,2024-01-12,6,426.62,West,Credit Card
O10957,CUST012,PROD018,2025-07-10,1,315.38,South,Credit Card
O10958,CUST025,PROD005,2024-12-09,9,78.74,West,Bank Transfer
O10959,CUST043,PROD009,2024-05-11,4,218.89,South,Credit Card
O10960,CUST045,PROD014,2024-10-23,2,164.49,East,Cash
O10961,CUST050,PROD015,2024-02-16,3,109.21,West,PayPal
O10962,CUST027,PROD018,2024-03-04,7,353.67,East,PayPal
O10963,CUST022,PROD005,2024-03-31,3,240.39,South,Cash
O10964,CUST024,PROD016,2025-03-01,9,477.43,South,Bank Transfer
O10965,CUST041,PROD018,2025-07-22,5,104.07,East,Bank Transfer
O10966,CUST023,PROD007,2024-03-29,6,366.89,North,Bank Transfer
O10967,CUST034,PROD011,2024-11-21,7,365.25,North,Credit Card
O10968,CUST040,PROD007,2025-02-20,7,448.33,North,Cash
O10969,CUST025,PROD014,2024-01-31,10,489.32,North,PayPal
O10970,CUST038,PROD014,2025-03-21,4,174.92,East,Cash
O10971,CUST041,PROD014,2024-07-03,10,367.94,South,Bank Transfer
O10972,CUST044,PROD008,2024-01-06,7,62.45,South,Cash
O10973,CUST034,PROD009,2024-02-09,10,293.89,North,Cash
O10974,CUST034,PROD003,2025-08-13,5,231.12,North,Credit Card
O10975,CUST026,PROD017,2025-07-27,7,387.39,North,PayPal
O10976,CUST016,PROD007,2024-03-16,3,326.68,West,Bank Transfer
O10977,CUST025,PROD013,2024-02-17,10,449.82,South,Cash
O10978,CUST032,PROD013,2025-04-25,3,358.44,West,Cash
O10979,CUST008,PROD017,2024-03-28,8,67.88,West,Bank Transfer
O10980,CUST048,PROD019,2024-10-06,1,285.36,West,Bank Transfer
O10981,CUST035,PROD018,2024-01-05,3,105.87,East,Bank Transfer
O10982,CUST001,PROD009,2024-08-22,1,252.03,South,Bank Transfer
O10983,CUST011,PROD001,2024-10-28,4,425.37,East,Credit Card
O10984,CUST016,PROD009,2024-04-23,9,70.59,South,PayPal
O10985,CUST021,PROD011,2024-04-12,9,454.18,South,PayPal
O10986,CUST004,PROD004,2025-06-19,3,387.45,North,Bank Transfer
O10987,CUST026,PROD007,2024-01-07,5,171.78,East,Credit Card
O10988,CUST031,PROD004,2025-04-25,8,106.19,South,PayPal
O10989,CUST019,PROD004,2025-01-04,3,385.21,West,Bank Transfer
O10990,CUST032,PROD010,2024-11-07,4,330.84,West,PayPal
O10991,CUST024,PROD016,2024-11-15,8,352.11,North,PayPal
O10992,CUST018,PROD010,2024-10-01,1,370.77,East,Bank Transfer
O10993,CUST042,PROD015,2025-04-02,2,381.67,North,Credit Card
O10994,CUST037,PROD008,2025-08-10,3,77.14,South,PayPal
O10995,CUST031,PROD002,2024-11-15,4,326.12,South,Credit Card
O10996,CUST025,PROD006,2024-02-26,3,83.92,South,Credit Card
O10997,CUST030,PROD015,2025-06-24,8,424.0,East,Bank Transfer
O10998,CUST049,PROD019,2025-06-08,5,64.36,North,PayPal
O10999,CUST002,PROD017,2025-03-22,8,359.03,North,Cash
